Sr No,Product Name,Category,GST,Offered Disc %,,,
1,Apollo,Wellness & Beauty,--,12,,,
2,Costa Cofee,Food & Beverages,--,9,,,
3,Derma Chemistry,Wellness & Beauty,--,28,,,
4,Dpauls Tours & Travels,Tour & Travel,--,9,,,
5,Eazydiner,Food & Beverages,--,28,,,
6,Healthians,Wellness & Beauty,--,68,,,
7,KFC,Food & Beverages,--,7,,,
8,Pizza Hut,Food & Beverages,--,7.5,,,
9,tripXOXO,Tour & Travel,--,7,,,
10,Vaango,Food & Beverages,--,9,,,
11,Boditive,E-Commerce,--,13,,,
12,BuyWithEMI,E-Commerce,--,4.5,,,
13,Amazon Corp Fresh Voucher-Payouts,Food & Beverages,--,4.5,,,
14,Amazon Corp Prime Voucher 12-M-ChannelPartner,E-Commerce,--,16,,,
15,Amazon Corp Prime Voucher 3-M-ChannelPartner,E-Commerce,--,16,,,
16,Amazon Corp Shopping Voucher-Payouts,E-Commerce,--,2,,,
17,Amazon Pay-Payouts,E-Commerce,--,1.5,,,
18,[Steam] Doom Eternal  IND,Gaming,--,9,,,
19,[Steam] DOOM Eternal Deluxe Edition IND,Gaming,--,9,,,
20,[Steam] DOOM: The Dark Ages Premium IND,Gaming,--,9,,,
21,[Steam] DOOM: The Dark Ages Standard IND,Gaming,--,9,,,
22,[Steam] Fallout 3: Game of the Year Edition IND,Gaming,--,9,,,
23,[Steam] Fallout 4 - Game Of The Year IND,Gaming,--,9,,,
24,[Steam] Fallout 76 IND,Gaming,--,9,,,
25,[Steam] Fallout New Vegas - Ultimate Edition IND,Gaming,--,9,,,
26,[Steam] Indiana Jones and the Great Circle IND,Gaming,--,9,,,
27,[Steam] Indiana Jones and the Great Circle Premium Edition IND,Gaming,--,9,,,
28,[Steam] STARFIELD IND,Gaming,--,9,,,
29,[Steam] The Elder Scrolls IV: Oblivion Remastered - Deluxe Edition IND,Gaming,--,9,,,
30,[Steam] The Elder Scrolls IV: Oblivion Remastered - Deluxe Upgrade IND,Gaming,--,9,,,
31,[Steam] The Elder Scrolls IV: Oblivion Remastered IND,Gaming,--,9,,,
32,[Steam] The Elder Scrolls V: Skyrim Anniversary Edition IND,Gaming,--,9,,,
33,[Steam] The Elder Scrolls V: Skyrim Special Edition IND,Gaming,--,9,,,
34,100 FC Points IND,Gaming,--,6.5,,,
35,1070 FC Points IND,Gaming,--,6.5,,,
36,12000 FC Points IND,Gaming,--,6.5,,,
37,2200 FC Points IND,Gaming,--,6.5,,,
38,40 FC Points IND,Gaming,--,6.5,,,
39,520 FC Points IND,Gaming,--,6.5,,,
40,5750 FC Points IND,Gaming,--,6.5,,,
41,1999 Silver IND,Gaming,--,6.5,,,
42,39 Silver IND,Gaming,--,6.5,,,
43,499 Silver IND,Gaming,--,6.5,,,
44,4999 Silver IND,Gaming,--,6.5,,,
45,99 Silver IND,Gaming,--,6.5,,,
46,999 Silver IND,Gaming,--,6.5,,,
47,9999 Silver IND,Gaming,--,6.5,,,
48,Genshin Impact 1090 Genesis Crystals,Gaming,--,12,,,
49,DOOM Eternal Deluxe Edition GT,Gaming,INCLUSIVE,4.5,,,
50,Doom Eternal GT,Gaming,INCLUSIVE,4.5,,,
51,Fallout 3: Game of the Year Edition GT,Gaming,INCLUSIVE,4.5,,,
52,Fallout 4 - Game Of The Year GT,Gaming,INCLUSIVE,4.5,,,
53,Fallout 76 GT,Gaming,INCLUSIVE,4.5,,,
54,Fallout 76: Skyline Valley Deluxe Edition GT,Gaming,INCLUSIVE,4.5,,,
55,Fallout New Vegas - Ultimate Edition GT,Gaming,INCLUSIVE,4.5,,,
56,Genshin Impact 2240 Genesis Crystals,Gaming,--,12,,,
57,Genshin Impact 330 Genesis Crystals,Gaming,--,12,,,
58,Genshin Impact 3880 Genesis Crystals,Gaming,--,12,,,
59,Genshin Impact 60 Genesis Crystals,Gaming,--,12,,,
60,Google Play Recharge Code POR INR 10,Gaming,--,3.25,,,
61,Google Play recharge code POR INR 100,Gaming,--,3.25,,,
62,Google Play recharge code POR INR 1000,Gaming,--,3.25,,,
63,Google Play recharge code POR INR 1500,Gaming,--,3.25,,,
64,Google Play Recharge Code POR INR 20,Gaming,--,3.25,,,
65,Google Play recharge code POR INR 300,Gaming,--,3.25,,,
66,Google Play Recharge Code POR INR 50,Gaming,--,3.25,,,
67,Google Play recharge code POR INR 500,Gaming,--,3.25,,,
68,Google Play Recharge Code POR INR 750,Gaming,--,3.25,,,
69,Hi-Fi Rush GT,Gaming,INCLUSIVE,4.5,,,
70,Honkai: Star Rail 1090 Oneiric Shard,Gaming,--,7.5,,,
71,Honkai: Star Rail 2240 Oneiric Shard,Gaming,--,7.5,,,
72,Honkai: Star Rail 330 Oneiric Shard,Gaming,--,7.5,,,
73,Honkai: Star Rail 3880 Oneiric Shard,Gaming,--,7.5,,,
74,Honkai: Star Rail 60 Oneiric Shard,Gaming,--,7.5,,,
75,Honkai: Star Rail 8080 Oneiric Shard,Gaming,--,7.5,,,
76,Honkai: Star Rail Express Supply Pass,Gaming,--,7.5,,,
77,Marvel Rivals - 100 LATTICE,Gaming,--,11.5,,,
78,Marvel Rivals - 1000 LATTICE,Gaming,--,11.5,,,
79,Marvel Rivals - 11680 LATTICE,Gaming,--,11.5,,,
80,Marvel Rivals - 2180 LATTICE,Gaming,--,11.5,,,
81,Marvel Rivals - 500 LATTICE,Gaming,--,11.5,,,
82,Mobile Legends 172 Diamonds,Gaming,--,7.5,,,
83,Mobile Legends 2195 Diamonds,Gaming,--,7.5,,,
84,Mobile Legends 257 Diamonds,Gaming,--,7.5,,,
85,Mobile Legends 706 Diamonds,Gaming,--,7.5,,,
86,Mobile Legends 86 Diamonds,Gaming,--,7.5,,,
87,Nintendo US - Classic Racers Elite,Gaming,--,9,,,
88,Nintendo US - Dark Thrones,Gaming,--,9,,,
89,Nintendo US - Gas Guzzlers Extreme,Gaming,--,9,,,
90,Nintendo US - Horizon Shift 81,Gaming,--,9,,,
91,Nintendo US - Martian Panic,Gaming,--,9,,,
92,Nintendo US - Mozart Requiem,Gaming,--,9,,,
93,Nintendo US - Super Street Racer,Gaming,--,9,,,
94,Nintendo US - Sushi Bar Express,Gaming,--,9,,,
95,Nintendo US - Vegas Party,Gaming,--,9,,,
96,Nintendo US - World Quiz,Gaming,--,9,,,
97,Plays India INR 1000,Gaming,--,1.5,,,
98,PlayS India INR 12000,Gaming,--,1.5,,,
99,PlayS India INR 13500,Gaming,--,1.5,,,
100,Plays India INR 2000,Gaming,--,1.5,,,
101,Plays India INR 3000,Gaming,--,1.5,,,
102,Plays India INR 4000,Gaming,--,1.5,,,
103,Plays India INR 5000,Gaming,--,1.5,,,
104,PlayS India INR 7000,Gaming,--,1.5,,,
105,PlayS India INR 8000,Gaming,--,1.5,,,
106,PlayS India INR 9000,Gaming,--,1.5,,,
107,Ravenswatch GT,Gaming,--,4.5,,,
108,Razer Gold India 100 INR,Gaming,--,3.75,,,
109,Razer Gold India 1000 INR,Gaming,--,3.75,,,
110,Razer Gold India 250 INR,Gaming,--,3.75,,,
111,Razer Gold India 2500 INR,Gaming,--,3.75,,,
112,Razer Gold India 3000 INR,Gaming,--,3.75,,,
113,Razer Gold India 50 INR,Gaming,--,3.75,,,
114,Razer Gold India 500 INR,Gaming,--,3.75,,,
115,Roblox Gift Card Code - $10 Credit,Gaming,--,7.25,,,
116,Roblox Gift Card Code - $25 Credit,Gaming,--,7.25,,,
117,Roblox Gift Card Code - $50 Credit,Gaming,--,7.25,,,
118,Robocop Rogue City GT,Gaming,--,4.5,,,
119,Session Skate Sim GT,Gaming,--,4.5,,,
120,STARFIELD GT,Gaming,INCLUSIVE,4.5,,,
121,Steelrising GT,Gaming,--,4.5,,,
122,Taxi Life GT,Gaming,--,4.5,,,
123,Test Drive Unlimited Solar Crown GT,Gaming,--,4.5,,,
124,The Elder Scrolls Online - Standard Edition GT,Gaming,INCLUSIVE,4.5,,,
125,The Elder Scrolls V: Skyrim Anniversary Edition GT,Gaming,INCLUSIVE,4.5,,,
126,The Elder Scrolls V: Skyrim Special Edition GT,Gaming,INCLUSIVE,4.5,,,
127,Valorant Gift Card 1000 VP,Gaming,--,7,,,
128,Valorant Gift Card 1520 VP,Gaming,--,7,,,
129,Valorant Gift Card 2050 VP,Gaming,--,7,,,
130,Valorant Gift Card 2575 VP,Gaming,--,7,,,
131,Valorant Gift Card 3650 VP,Gaming,--,7,,,
132,Valorant Gift Card 475 VP,Gaming,--,7,,,
133,Valorant Gift Card 5350 VP,Gaming,--,7,,,
134,Valorant Gift Card 8700 VP,Gaming,--,7,,,
135,Zenless Zone Zero 1090 MONOCHROME,Gaming,--,7.5,,,
136,Zenless Zone Zero 2240 MONOCHROME,Gaming,--,7.5,,,
137,Zenless Zone Zero 330 MONOCHROME,Gaming,--,7.5,,,
138,Zenless Zone Zero 3880 MONOCHROME,Gaming,--,7.5,,,
139,Zenless Zone Zero 60 MONOCHROME,Gaming,--,7.5,,,
140,Zenless Zone Zero 8080 MONOCHROME,Gaming,--,7.5,,,
141,Zenless Zone Zero Inter-Knot Membership,Gaming,--,7.5,,,
142,Steam Wallet INR 1000,Gaming,--,4.5,,,
143,Steam Wallet INR 175,Gaming,--,4,,,
144,Steam Wallet INR 2500,Gaming,--,4.5,,,
145,Steam Wallet INR 500,Gaming,--,4.5,,,
146,Steam Wallet INR 750,Gaming,--,4.5,,,
147,Steam Wallet INR 99,Gaming,--,4,,,
148,Steam Wallet INR 250,Gaming,--,4.5,,,
149,Steam Wallet INR 150,Gaming,--,4.5,,,
150,Flipkart Gift Card,E-Commerce,--,2,,,
151,@ Home,Fashion & Lifestyle,--,7,,,
152,Absolute Barbecues,Food & Beverages,--,7.5,,,
153,Aeropostale,Fashion & Lifestyle,--,8,,,
154,Air India,Tour & Travel,--,4,,,
155,AJIO,Fashion & Lifestyle,--,6.25,,,
156,Allen Solly,Fashion & Lifestyle,--,3.75,,,
157,Amazon Prime Lite Edition-Giftbig,E-Commerce,--,8,,,
158,American Eagle,Fashion & Lifestyle,--,3.75,,,
159,American Tourister,Tour & Travel,--,4,,,
160,AND India,Fashion & Lifestyle,--,7.5,,,
161,Anita Dongre,Fashion & Lifestyle,--,9.5,,,
162,Archies Gallery,Fashion & Lifestyle,--,12.5,,,
163,Armani Exchange-Luxe,Fashion & Lifestyle,--,12,,,
164,Asia Seven Express,Food & Beverages,--,7.5,,,
165,Assembly,Tour & Travel,--,15,,,
166,Aurelia,Fashion & Lifestyle,--,10,,,
167,Auric,Fashion & Lifestyle,--,33,,,
168,Avast,E-Commerce,--,13.5,,,
169,Bajaj Pay E-Gift Voucher,E-Commerce,--,4.5,,,
170,Barbeque Nation,Food & Beverages,--,7,,,
171,Baskin Robbins,Food & Beverages,--,12.5,,,
172,Bata,Fashion & Lifestyle,--,12.5,,,
173,Beer Cafe,Food & Beverages,--,11,,,
174,Behrouz Biryani - B2C,Food & Beverages,--,9,,,
175,Bewakoof Brands,E-Commerce,--,12.5,,,
176,Beyoung,Fashion & Lifestyle,--,23,,,
177,Bhima Jewellers - Coin,Jewellery,--,0.75,,,
178,Bhima Jewellers - Jewellery,Jewellery,--,2.75,,,
179,BIBA,Fashion & Lifestyle,--,8,,,
180,Bigbasket,Food & Beverages,--,3.75,,,
181,Bikanervala,Food & Beverages,--,12,,,
182,Birkenstock,E-Commerce,--,9,,,
183,Blackberry,E-Commerce,--,9,,,
184,Blaupunkt,Fashion & Lifestyle,--,11,,,
185,Blinkit,Food & Beverages,--,3.5,,,
186,BlissClub,Fashion & Lifestyle,--,9,,,
187,Blue Tokai,E-Commerce,--,12.5,,,
188,BlueStone Diamond,Jewellery,--,7.5,,,
189,Bluestone Gemstone Studded,Jewellery,--,2.75,,,
190,BlueStone Gold,Jewellery,--,2,,,
191,BlueStone Gold Jewellery,Jewellery,--,3,,,
192,Body Craft,Wellness & Beauty,--,12,,,
193,BOMBAY SHAVING COMPANY,Wellness & Beauty,--,25.5,,,
194,BookMyShow Instant Voucher,Entertainment,--,3.75,,,
195,Borosil,E-Commerce,--,8,,,
196,BrainGymJr,Wellness & Beauty,--,11,,,
197,Brooks Brothers-Luxe,Fashion & Lifestyle,--,12,,,
198,Cafe Coffee Days,Food & Beverages,--,11,,,
199,Cafe Delhi Heights,Food & Beverages,--,9,,,
200,Candere Diamond Jewellery,Jewellery,--,7.5,,,
201,Candere Gold Coin,Jewellery,--,1,,,
202,Candere Gold Jewellery,Jewellery,--,3.5,,,
203,Celio,Fashion & Lifestyle,--,12.5,,,
204,Chumbak,Fashion & Lifestyle,--,12.5,,,
205,Cleartrip-B2C,Tour & Travel,--,5.5,,,
206,Cleartrip Hotels-B2C,Tour & Travel,--,16.5,,,
207,Cosmopolitan India,Fashion & Lifestyle,--,43,,,
208,Croma,E-Commerce,--,2.5,,,
209,Cult Gift Card,Sports & Footwears,--,11,,,
210,Daily Objects,Fashion & Lifestyle,--,20.5,,,
211,Decathlon,Fashion & Lifestyle,--,4.5,,,
212,Discovery Plus,Entertainment,--,20.5,,,
213,Disney Hotstar 12 Months Subscription Voucher At 1499-upto 4Device,Entertainment,--,4,,,
214,Disney Hotstar 12 Months Subscription Voucher At 899-upto 2Device,Entertainment,--,4,,,
215,Disney Hotstar 3 Months Subscription Voucher At 299-upto 2Device,Entertainment,--,4,,,
216,DocuBay,Entertainment,--,43,,,
217,Domino's Pizza,Food & Beverages,--,16,,,
218,Dune London-Luxe,Fashion & Lifestyle,--,12,,,
219,EaseMyTrip,Tour & Travel,--,6,,,
220,EatSure-B2C,Food & Beverages,--,9,,,
221,Elleven,Fashion & Lifestyle,--,10,,,
222,Epic On s-1 month subscription,Entertainment,--,6,,,
223,Epic On s-3 month subscription,Entertainment,--,6,,,
224,Epic On s-6 month subscription,Entertainment,--,6,,,
225,Estele,Jewellery,--,18.5,,,
226,ET Prime Subscription,E-Commerce,--,43,,,
227,Euphoria Gold Coin,Jewellery,--,5,,,
228,Faasos - B2C,Food & Beverages,--,9,,,
229,Fab Hotels,Food & Beverages,--,12,,,
230,Fancode B2B,Fashion & Lifestyle,--,7.5,,,
231,Fashion Factory,Fashion & Lifestyle,--,3.5,,,
232,Fastrack,Fashion & Lifestyle,--,8,,,
233,Fastrack Bags,Fashion & Lifestyle,--,7.5,,,
234,Femmella,Fashion & Lifestyle,--,8,,,
235,Ferns N Petals,E-Commerce,--,11,,,
236,FinuSmart Easy Cash,E-Commerce,--,16,,,
237,FinuSmart Suraksha,Wellness & Beauty,--,16,,,
238,FirstCry E-Gift Voucher,E-Commerce,--,6,,,
239,FITPASS,E-Commerce,--,20.5,,,
240,Flying Machine,Fashion & Lifestyle,--,7.5,,,
241,Forever New,Fashion & Lifestyle,--,7.5,,,
242,Freecultr,E-Commerce,--,20.5,,,
243,FreshMenu,Food & Beverages,--,3.75,,,
245,Gas-Luxe,Fashion & Lifestyle,--,12,,,
247,Girias,Fashion & Lifestyle,--,2.25,,,
246,Gini & Jony,E-Commerce,--,8,,,
250,Global Desi India,Fashion & Lifestyle,--,7.5,,,
248,Giva Jewellery,Jewellery,--,14,,,
249,Giva Jewellery Gold,Jewellery,--,5,,,
244,G-STAR RAW-Luxe,Fashion & Lifestyle,--,12,,,
251,GNC,Wellness & Beauty,--,12,,,
252,HAMLEYS - LUXE,Fashion & Lifestyle,--,12,,,
253,Hammer,Fashion & Lifestyle,--,23,,,
254,Health and Glow,Fashion & Lifestyle,--,9,,,
255,HealthKart,Wellness & Beauty,--,11,,,
256,Helios,Fashion & Lifestyle,--,8,,,
257,Hidesign,E-Commerce,--,12,,,
258,Himalaya e-Gift Voucher,Wellness & Beauty,--,4,,,
259,Hoichoi E-Gift Voucher,Entertainment,--,13.5,,,
260,Home Centre-B2C,E-Commerce,--,5,,,
261,HopInTown PLUS 1 Year Lifestyle Membership,Fashion & Lifestyle,--,8,,,
262,HopInTown PLUS Pack of 2 Lifestyle Membership,Fashion & Lifestyle,--,8,,,
263,HopInTown PLUS Pack of 3 Lifestyle Membership,Fashion & Lifestyle,--,8,,,
264,HopInTown PLUS Pack of 5 Lifestyle Membership,Fashion & Lifestyle,--,8,,,
265,HU-IKEA E-Gift Voucher,E-Commerce,--,4.5,,,
266,Hush Puppies,Sports & Footwears,--,12.5,,,
267,Imagine Apple Premium Reseller,E-Commerce,--,1.75,,,
471,House of Vaaree,Fashion & Lifestyle,--,13,,,
269,ITC Hotels,Food & Beverages,--,7.5,,,
268,Indian Terrains,Fashion & Lifestyle,--,12,,,
271,JhakaasYearly E Gift Voucher - OTT Play Subscription,Entertainment,--,29,,,
272,Jhakaas Quarterly E-Gift Voucher,Entertainment,--,29,,,
270,JACK & JONES,Fashion & Lifestyle,--,10,,,
274,Jos Alukkas Jewellery,Jewellery,--,3.75,,,
275,Joyalukkas Diamond,Jewellery,--,4.65,,,
276,Joyalukkas Gold and Diamond,Jewellery,--,3.15,,,
277,Joyalukkas Pure Gold,Jewellery,--,1.9,,,
278,Kalyan Diamond,Jewellery,--,6.8,,,
279,Kalyan Gold Coin,Jewellery,--,2.05,,,
280,Kalyan Gold Jewellery,Jewellery,--,2.5,,,
281,Kama Ayurveda,Wellness & Beauty,--,11,,,
282,Ketan Diamonds Diamond Only,Jewellery,--,11.5,,,
283,Ketan Diamonds Gold Coin,Jewellery,--,2,,,
284,Ketan Diamonds Gold Jewellery,Jewellery,--,5,,,
285,Kiehls,Wellness & Beauty,--,4.5,,,
286,KUKUFM 899 E-Gift Voucher,Entertainment,--,56,,,
287,Lakme Salon,Wellness & Beauty,--,4.5,,,
273,Jockey,Fashion & Lifestyle,--,12,,,
288,Lee,Fashion & Lifestyle,--,7.5,,,
289,LENSKART,Fashion & Lifestyle,--,12,,,
290,Levi's,Fashion & Lifestyle,--,9,,,
291,Lifestyle-B2C,Fashion & Lifestyle,--,5,,,
293,Lite Bite Food,Food & Beverages,--,7.5,,,
294,Live Mint,E-Commerce,--,38,,,
292,Linen Club,Fashion & Lifestyle,--,9,,,
295,LOIPL HCs,Fashion & Lifestyle,--,5,,,
296,LOIPL Lifestyles,Fashion & Lifestyle,--,5,,,
297,LOIPL Maxs,Fashion & Lifestyle,--,9.5,,,
299,Love Beauty & Planet,Wellness & Beauty,--,11,,,
300,Lulu Hypermarkets,Entertainment,--,1.75,,,
298,Louis Philippe,Fashion & Lifestyle,--,3.75,,,
302,Machaan,Food & Beverages,--,12.5,,,
303,Mainland China,Food & Beverages,--,12.5,,,
304,MakeMyTrip Bus,Tour & Travel,--,2.75,,,
305,MakeMyTrip e-Pay,Tour & Travel,--,6.5,,,
306,Makemytrip Holiday,Tour & Travel,--,10,,,
307,MakeMyTrip Hotel e-Pay,Tour & Travel,--,10,,,
308,MakeMyTrip Rail,Tour & Travel,--,0.75,,,
309,Mamaearth,Wellness & Beauty,--,12,,,
301,Luxe,Fashion & Lifestyle,--,12,,,
311,Marriott Hotels India - B2C,Tour & Travel,--,7,,,
312,Marriott India Egift Card-Dining Variant,Tour & Travel,--,7,,,
313,Marriott India Egift Card-SPA Variant,Tour & Travel,--,7,,,
310,Marks & Spencer,Fashion & Lifestyle,--,11,,,
315,McDonald’s McCafe Membership Card - Gold,Food & Beverages,--,4,,,
316,McDonald’s McCafe Membership Card - Platinum,Food & Beverages,--,4,,,
317,McDonald’s McCafe Membership Card - Silver,Food & Beverages,--,4,,,
318,McDonalds,Food & Beverages,--,12,,,
319,MediBuddy-2499,Wellness & Beauty,--,8,,,
314,MAX,Fashion & Lifestyle,--,6,,,
320,Mia By Tanishq,Fashion & Lifestyle,--,3.75,,,
322,MORE,Food & Beverages,--,4,,,
321,MiniKlub,Fashion & Lifestyle,--,12,,,
324,My Jio Store E-Gift Voucher,E-Commerce,--,3.5,,,
325,MyGlamms,Wellness & Beauty,--,15,,,
326,myUpchar Medicines,Wellness & Beauty,--,3.5,,,
327,Nature's Basket,Food & Beverages,--,0.75,,,
328,Net Protector Mobile PRO Security (2U.1Y),E-Commerce,--,67,,,
329,Net Protector Parental Control,E-Commerce,--,53,,,
330,Net Protector Safeguard Gold,E-Commerce,--,46,,,
331,Netmeds,Wellness & Beauty,--,11,,,
332,Norton360 AV 2GB 1349 E-Gift Voucher,E-Commerce,--,51,,,
333,Norton360 DLX 50GB 2999 E-Gift Voucher,E-Commerce,--,52,,,
334,Norton360 SD 10GB 2099 E-Gift Voucher,E-Commerce,--,50,,,
335,Nykaa,Wellness & Beauty,--,5.5,,,
323,MOTHER CARE-Luxe,Fashion & Lifestyle,--,12.5,,,
336,Nykaa Fashion,Fashion & Lifestyle,--,5.5,,,
338,Oh! Calcutta,Food & Beverages,--,12.5,,,
339,OLA CABS,Tour & Travel,--,4.5,,,
337,Nykaa Men,Fashion & Lifestyle,--,5.5,,,
341,ORGANIC INDIA,Wellness & Beauty,--,11,,,
342,Ornaz,Jewellery,--,10.5,,,
343,Ovenstory - B2C,Food & Beverages,--,9,,,
340,Only,Fashion & Lifestyle,--,11,,,
345,PC Chandra Gems Gold Coin,Jewellery,--,0.75,,,
346,PC Jeweller Diamond,Jewellery,--,4,,,
347,PC Jeweller Gold,Jewellery,--,2.5,,,
348,PC Jeweller Gold Coin,Jewellery,--,0.5,,,
349,PCJ Diamond Jewellery,Jewellery,--,4.5,,,
350,PCJ Gold Jewellery,Jewellery,--,1.75,,,
344,Pantaloons,Fashion & Lifestyle,--,8,,,
351,Peter England E-Gift Voucher,Fashion & Lifestyle,--,3.75,,,
353,Points for Good,E-Commerce,--,9,,,
354,Polar Bears,Food & Beverages,--,4.5,,,
352,Planet Fashion,Fashion & Lifestyle,--,3.75,,,
356,Power Play Yearly E-Gift Voucher-OTTplay Subscription Vouchers,Entertainment,--,29,,,
357,Power Play Monthly E-Gift Voucher-OTTPlay Subscription Vouchers,Entertainment,--,29,,,
358,Prestige,Food & Beverages,--,10,,,
359,Puma E-Gift Voucher,Sports & Footwears,--,9,,,
360,Punjab Grill,Food & Beverages,--,7.5,,,
361,PVR,Entertainment,--,16,,,
362,Quick Heal Antivirus E-Gift Voucher,E-Commerce,--,34,,,
363,Quick Heal Internet Security E-Gift Voucher,E-Commerce,--,26,,,
364,Quick Heal Total Security Android E-Gift Voucher,E-Commerce,--,23,,,
365,Quick Heal Total Security E-Gift Voucher,E-Commerce,--,30,,,
355,Polaroid,Fashion & Lifestyle,--,9,,,
366,Rangoli Sarees,Fashion & Lifestyle,--,6,,,
368,Relaxo,Sports & Footwears,--,9,,,
367,Ray-Bans,Fashion & Lifestyle,--,7.5,,,
370,Reliance Jewels,Jewellery,--,3.75,,,
371,Reliance Jio Mart,E-Commerce,--,3.75,,,
372,Reliance Smart,E-Commerce,--,3.5,,,
373,Reliance Smart Point,Food & Beverages,--,3.5,,,
369,Reliance Digital,Fashion & Lifestyle,--,3.75,,,
375,RESONATE RouterUPS,Entertainment,--,9,,,
376,Samsonite,Tour & Travel,--,4,,,
374,Reliance Trends E-Gift Voucher,Fashion & Lifestyle,--,5,,,
377,Scotch & Soda-Luxe,Fashion & Lifestyle,--,12,,,
379,Seniority,E-Commerce,--,9,,,
380,Shiv Naresh,Sports & Footwears,--,8,,,
381,SIGREE,Food & Beverages,--,12.5,,,
378,Selected Homme,Fashion & Lifestyle,--,10,,,
383,Simple,Wellness & Beauty,--,12,,,
384,Skechers,Sports & Footwears,--,10,,,
385,Skinn,Wellness & Beauty,--,7.5,,,
386,Skullcandy,Entertainment,--,11,,,
382,Simon Carter eGift cards,Fashion & Lifestyle,--,4,,,
388,Smile Foundation,Wellness & Beauty,--,15,,,
389,SonyLIV Monthly,Entertainment,--,55,,,
390,SonyLIV Yearly,Entertainment,--,55,,,
391,SOTC Travels,Tour & Travel,--,4.5,,,
387,Sleepwell,Fashion & Lifestyle,--,20.5,,,
393,Spencer's,Sports & Footwears,--,0.75,,,
392,Speedo,Fashion & Lifestyle,--,12,,,
395,SPOTIFY PREMIUM 1 MONTH SUBSCRIPTION E-Gift Voucher,Entertainment,INCLUSIVE,3.5,,,
396,SPOTIFY PREMIUM 3 MONTHS SUBSCRIPTION E-Gift Voucher,Entertainment,--,3.5,,,
397,SPOTIFY PREMIUM 6 MONTHS SUBSCRIPTION E-Gift Voucher,Entertainment,--,3.5,,,
398,SPOTIFY PREMIUM ANNUAL SUBSCRIPTION E-Gift Voucher,Entertainment,--,3.5,,,
399,Starbucks E-Gift Voucher,Food & Beverages,--,6,,,
400,Sterling Holidays,Tour & Travel,--,12,,,
394,Spencer's Retail,Fashion & Lifestyle,--,4.5,,,
402,Street Foods By PUNJAB Grill,Food & Beverages,--,7.5,,,
401,Steve Madde-Luxe,Fashion & Lifestyle,--,12,,,
404,SuperCoin E-Gift Voucher,E-Commerce,--,21,,,
403,SUPA B2B,Fashion & Lifestyle,--,7.5,,,
406,Surat Diamonds Main,Jewellery,--,12.5,,,
407,Surat Diamonds Solitaire,Jewellery,--,2,,,
408,Sweet Bengal,Food & Beverages,--,12.5,,,
409,Swiggy Money Voucher,Food & Beverages,--,2.5,,,
410,Swiggy One Lite Rs 109 E-Gift Voucher,Food & Beverages,--,19,,,
411,Taj Experiences,Tour & Travel,--,8.25,,,
412,Taj Hotels,Tour & Travel,--,5.5,,,
405,Superdry-Luxe,Fashion & Lifestyle,--,12,,,
414,Tanishq Jewellery,Jewellery,--,1.75,,,
415,Tanishq Studded,Jewellery,--,3.5,,,
413,Taneira,Fashion & Lifestyle,--,7.5,,,
417,Tata Cliq Palette,E-Commerce,--,6,,,
418,TBZ-The Original Jewellery Retail ,Jewellery,--,1.25,,,
416,TATA CLiQ,Fashion & Lifestyle,--,7.5,,,
419,TCNS Aurelia eGift Cards,Fashion & Lifestyle,--,9.5,,,
421,TEGO,Sports & Footwears,--,16.5,,,
422,TGIF,Food & Beverages,--,11,,,
423,The Body Shop,Wellness & Beauty,--,4.5,,,
424,The Collective,E-Commerce,--,3.75,,,
425,The Man Company,Wellness & Beauty,--,14.5,,,
426,The Postcard Hotelss,Tour & Travel,--,9,,,
420,TCNS W eGift Cards,Fashion & Lifestyle,--,9.5,,,
428,Times Prime E-Gift Voucher,Entertainment,--,28,,,
429,Timezone,Sports & Footwears,--,12,,,
430,Titan,E-Commerce,--,7.5,,,
427,The Raymond Shop,Fashion & Lifestyle,--,9,,,
432,Toscano,Food & Beverages,--,12,,,
433,Trends Footwear E-Gift Voucher,Sports & Footwears,--,4.5,,,
431,Titan Minimals,Fashion & Lifestyle,--,7.5,,,
434,Trends Junior E-Gift Voucher,Fashion & Lifestyle,--,4.5,,,
435,Trends Man E-Gift Voucher,Fashion & Lifestyle,--,4.5,,,
437,TRUEFITT & HILL,Wellness & Beauty,--,23,,,
438,Uber,Tour & Travel,--,3.75,,,
436,Trends Women E-Gift Voucher,Fashion & Lifestyle,--,4.5,,,
440,US Polo Assn,Sports & Footwears,--,7.5,,,
439,Urban Ladder,Fashion & Lifestyle,--,12,,,
441,V Mart,Fashion & Lifestyle,--,9.5,,,
442,Van Heusen,Fashion & Lifestyle,--,3.75,,,
443,Vero Modas,Fashion & Lifestyle,--,10,,,
444,Vijay Sales,Fashion & Lifestyle,--,2.5,,,
445,W,Fashion & Lifestyle,--,10,,,
447,Watcho Dish TV-149,Entertainment,--,8,,,
448,Watcho Dish TV-199,Entertainment,--,8,,,
449,Watcho Dish TV-249,Entertainment,--,8,,,
450,Watcho Dish TV-299,Entertainment,--,8,,,
451,Watcho Dish TV-39,Entertainment,--,8,,,
452,Watcho Dish TV-49,Entertainment,--,8,,,
453,Watcho Dish TV-99,Entertainment,--,8,,,
446,Wakefit,Fashion & Lifestyle,--,3.75,,,
454,Westside-B2C,Fashion & Lifestyle,--,9,,,
455,Wildcraft,Fashion & Lifestyle,--,8,,,
457,Wonderchef,Food & Beverages,--,14.5,,,
458,Woodland,Sports & Footwears,--,10,,,
456,William Penn,Fashion & Lifestyle,--,6.5,,,
459,WOT B2C,Fashion & Lifestyle,--,7.5,,,
461,Yatra.com,Tour & Travel,--,7.5,,,
462,Yatra Hotels & Holidays Voucher,Tour & Travel,--,9,,,
463,Yatra Prime,Tour & Travel,--,4.5,,,
464,YouMee,Food & Beverages,--,7.5,,,
465,Zambar,Food & Beverages,--,7.5,,,
466,ZEE5,Entertainment,--,18.5,,,
467,Zepto,E-Commerce,--,3.75,,,
468,Zomato,Food & Beverages,--,4.25,,,
469,Apple Premium Reseller ,Gaming,--,2.75,,,
470,Biryani By Kilo,Food & Beverages,--,14,,,
460,Wrangler,Fashion & Lifestyle,--,7.5,,,
472,Third Wave Coffee,Food & Beverages,--,10.5,,,
